"id","sessionDate","sessionType","studentId","teacherId","halaqahId","startPage","endPage","totalPages","score","notes","recommendation","isApprovedForNextStep","createdAt","updatedAt"
"cmnftihfs00002rqhdzdrx1je","2026-04-01 00:00:00","ZIYADAH","cmnfduhhb000m2spzo25ahi6o","cmndr9ruq0001dh0szijmq8re","cmnf6imto00022rtxxyk7klzi","302","309","8","95","Alhamdulillah Lancar","CONTINUE",,"2026-04-01 09:02:47.752","2026-04-01 09:02:47.752"
"cmnftkq3g00012rqhw2tm5vu4","2026-04-01 00:00:00","MURAJAAH_KUBRO","cmnfduhhb000m2spzo25ahi6o","cmndr9ruq0001dh0szijmq8re","cmnf6imto00022rtxxyk7klzi","202","241","40","95","Alhamdulillah lancar, ada sedikit inkosistensi pada tempo","CONTINUE",,"2026-04-01 09:04:32.284","2026-04-01 09:04:32.284"
"cmnftm2fq00022rqh4aso6k8j","2026-04-01 00:00:00","MURAJAAH_SHUGHRA","cmnfduhhb000m2spzo25ahi6o","cmndr9ruq0001dh0szijmq8re","cmnf6imto00022rtxxyk7klzi","282","309","28","80","Mandiri","CONTINUE",,"2026-04-01 09:05:34.934","2026-04-01 09:05:59.319"
"cmnftwhpv00032rqh97suc85a","2026-04-01 00:00:00","ZIYADAH","cmnfdtsm8000j2spzqjrqifoe","cmndr9ruq0001dh0szijmq8re","cmnf6imto00022rtxxyk7klzi","91","94","4","90","Lancar","CONTINUE",,"2026-04-01 09:13:41.299","2026-04-01 09:15:31.817"
"cmnftxwa900042rqhqy6nw9x6","2026-04-01 00:00:00","MURAJAAH_KUBRO","cmnfdtsm8000j2spzqjrqifoe","cmndr9ruq0001dh0szijmq8re","cmnf6imto00022rtxxyk7klzi","542","561","20","90","Lancar namun ada catatan pada tempo bacaan","CONTINUE",,"2026-04-01 09:14:46.833","2026-04-01 09:14:46.833"
"cmnftzrj100052rqhkfu6o2cn","2026-04-01 00:00:00","MURAJAAH_SHUGHRA","cmnfdtsm8000j2spzqjrqifoe","cmndr9ruq0001dh0szijmq8re","cmnf6imto00022rtxxyk7klzi","62","94","33","80","Mandiri","CONTINUE",,"2026-04-01 09:16:13.981","2026-04-01 09:17:46.341"
"cmnfuoouj00062rqh8tnwl29h","2026-03-31 00:00:00","ZIYADAH","cmnfdntzf000a2spzug6v3ly4","cmnf6mdt700082rtx1dccy93g","cmnf6npd6000b2rtxl2cwo2nn","125","127","3","90","","CONTINUE",,"2026-04-01 09:35:36.907","2026-04-01 13:02:57.925"
"cmnfur9c500072rqhaj8xqvov","2026-04-01 00:00:00","ZIYADAH","cmnfdntzf000a2spzug6v3ly4","cmnf6mdt700082rtx1dccy93g","cmnf6npd6000b2rtxl2cwo2nn","125","129","5","95","","CONTINUE",,"2026-04-01 09:37:36.773","2026-04-02 12:33:53.777"
"cmnfusg2o00082rqhj13gy1qu","2026-03-31 00:00:00","ZIYADAH","cmnfdu155000k2spzxh7znoyv","cmnf6mdt700082rtx1dccy93g","cmnf6npd6000b2rtxl2cwo2nn","58","60","3","80","","CONTINUE",,"2026-04-01 09:38:32.16","2026-04-01 13:03:16.25"
"cmnfutncb00092rqhm3nalw9c","2026-04-01 00:00:00","ZIYADAH","cmnfdu155000k2spzxh7znoyv","cmnf6mdt700082rtx1dccy93g","cmnf6npd6000b2rtxl2cwo2nn","58","61","4","90","","CONTINUE",,"2026-04-01 09:39:28.235","2026-04-02 12:34:29.15"
"cmng1gmgy000b2rqhjh4x4qyx","2026-04-01 00:00:00","ZIYADAH","cmnfdygo0000w2spzwwfjt1rc","cmnf6lnw600062rtxuy1sqbri","cmnf6nb9k000a2rtx07deyahb","128","130","3","90","Bedakan ayat 7 sama ayat 25 Qs. Al An'am","CONTINUE",,"2026-04-01 12:45:17.89","2026-04-01 12:45:17.89"
"cmng219bc000c2rqh9rmw2yb8","2026-04-01 00:00:00","ZIYADAH","cmnfdzgpz000z2spzvbugn0zz","cmnf6lnw600062rtxuy1sqbri","cmnf6nb9k000a2rtx07deyahb","302","306","5","95","","CONTINUE",,"2026-04-01 13:01:20.616","2026-04-01 13:01:20.616"
"cmng24ifp000d2rqh48kzmjay","2026-04-01 00:00:00","ZIYADAH","cmnfe0ql200122spz0b6x4067","cmnf6lnw600062rtxuy1sqbri","cmnf6nb9k000a2rtx07deyahb","302","306","5","90","Qs. Maryam 17, 24","CONTINUE",,"2026-04-01 13:03:52.405","2026-04-01 13:07:03.154"
"cmng28f39000e2rqhqfgt2fg7","2026-04-01 00:00:00","ZIYADAH","cmnfe121w00132spzy02jx7cu","cmnf6lnw600062rtxuy1sqbri","cmnf6nb9k000a2rtx07deyahb","302","306","5","90","Al kahfi 107, Maryam 8, 15","CONTINUE",,"2026-04-01 13:06:54.693","2026-04-01 13:06:54.693"
"cmng2gqvl000f2rqh0ov8wglz","2026-04-01 00:00:00","MURAJAAH_KUBRO","cmnfd9b6000042spzzqt1m4n2","cmnf86zub00112rtxrirmt2n3","cmnf89gxi00142rtx8aw6wu4n","302","321","20","75","1. Salah pada 14 tempat 
2. Salah dalam hafalan halaman 317, seharusnya في البحر di baca في الأرض 
3. Lupa dalam hafalan halaman 318, kurang huruf wawu dalam kata وإله موسى  
","CONTINUE",,"2026-04-01 13:13:23.217","2026-04-01 13:13:23.217"
"cmng2ha5t000g2rqh42aqfhzg","2026-04-01 00:00:00","ZIYADAH","cmnfdzufq00102spz6j04kr5z","cmnf6lnw600062rtxuy1sqbri","cmnf6nb9k000a2rtx07deyahb","258","261","4","95","Bagus","CONTINUE",,"2026-04-01 13:13:48.209","2026-04-01 13:13:48.209"
"cmng2iidz000h2rqhd0632c5y","2026-04-01 00:00:00","ZIYADAH","cmnfe08mk00112spznm089paw","cmnf6lnw600062rtxuy1sqbri","cmnf6nb9k000a2rtx07deyahb","262","265","4","95","Bagus","CONTINUE",,"2026-04-01 13:14:45.527","2026-04-01 13:14:45.527"
"cmng2j2ia000i2rqhdb8ibdrm","2026-04-01 00:00:00","MURAJAAH_KUBRO","cmnfd7pmx00012spzc9vrqbmv","cmnf86zub00112rtxrirmt2n3","cmnf89gxi00142rtx8aw6wu4n","62","81","20","90","Salah pada 7 tempat","CONTINUE",,"2026-04-01 13:15:11.602","2026-04-01 13:15:11.602"
"cmng2k591000j2rqh8ebedizy","2026-04-01 00:00:00","MURAJAAH_KUBRO","cmnfd7pmx00012spzc9vrqbmv","cmnf86zub00112rtxrirmt2n3","cmnf89gxi00142rtx8aw6wu4n","82","101","20","90","Salah pada 8 tempat","CONTINUE",,"2026-04-01 13:16:01.813","2026-04-01 13:16:01.813"
"cmng2ldjl000k2rqhfp1en1lh","2026-04-01 00:00:00","ZIYADAH","cmnfdv508000o2spzdcuc7slj","cmnf6lnw600062rtxuy1sqbri","cmnf6nb9k000a2rtx07deyahb","352","354","3","88","An Nur 22, 26-27, 35","CONTINUE",,"2026-04-01 13:16:59.217","2026-04-01 13:21:13.536"
"cmng3j75i000l2rqhz012iszr","2026-04-01 00:00:00","ZIYADAH","cmnfdwj0i000s2spzxarxkain","cmnf6mdt700082rtx1dccy93g","cmnf6npd6000b2rtxl2cwo2nn","302","305","4","95","","CONTINUE",,"2026-04-01 13:43:17.238","2026-04-01 13:43:17.238"
"cmngm9yas000m2rqhvl2a0p5i","2026-04-02 00:00:00","MURAJAAH_KUBRO","cmnfd8w9t00032spzc7cfzc87","cmnf86zub00112rtxrirmt2n3","cmnf89gxi00142rtx8aw6wu4n","462","481","20","95","Ada salah satu, lupa dalam hafalan pada halaman 473 pada kata يوم لا ينفع الظالمين   ","CONTINUE",,"2026-04-01 22:27:58.564","2026-04-01 22:47:07.031"
"cmngmk8yv000n2rqhtic2evyb","2026-04-02 00:00:00","MURAJAAH_SHUGHRA","cmnfe08mk00112spznm089paw","cmnf6lnw600062rtxuy1sqbri","cmnf6nb9k000a2rtx07deyahb","244","263","20","80","Mandiri","CONTINUE",,"2026-04-01 22:35:58.951","2026-04-01 22:35:58.951"
"cmngms5y4000o2rqhh6x4anjc","2026-04-02 00:00:00","ZIYADAH","cmnfe08mk00112spznm089paw","cmnf6lnw600062rtxuy1sqbri","cmnf6nb9k000a2rtx07deyahb","264","267","4","88","Al Hijr 77, 85, An Nahl 6","CONTINUE",,"2026-04-01 22:42:08.284","2026-04-01 22:42:08.284"
"cmngn2ayn000p2rqh9nz8sq6n","2026-04-02 00:00:00","ZIYADAH","cmnfdygo0000w2spzwwfjt1rc","cmnf6lnw600062rtxuy1sqbri","cmnf6nb9k000a2rtx07deyahb","129","131","3","96","Al An'am 30-31, ","CONTINUE",,"2026-04-01 22:50:01.343","2026-04-01 22:50:01.343"
"cmngnarv7000q2rqh3fmuzkax","2026-04-02 00:00:00","ZIYADAH","cmnfdv508000o2spzdcuc7slj","cmnf6lnw600062rtxuy1sqbri","cmnf6nb9k000a2rtx07deyahb","354","355","2","84","An Nur 35, 40, 41, 43","CONTINUE",,"2026-04-01 22:56:36.499","2026-04-01 22:56:36.499"
"cmngnr62l000r2rqhh6mx6h64","2026-04-02 00:00:00","ZIYADAH","cmnfe121w00132spzy02jx7cu","cmnf6lnw600062rtxuy1sqbri","cmnf6nb9k000a2rtx07deyahb","305","308","4","92","Maryam 11, 48","CONTINUE",,"2026-04-01 23:09:21.405","2026-04-01 23:54:48.912"
"cmngnrlgy000s2rqh7f6hqujt","2026-04-02 00:00:00","MURAJAAH_KUBRO","cmnf8bczs00172rtxflo1o70l","cmnf86zub00112rtxrirmt2n3","cmnf89gxi00142rtx8aw6wu4n","42","61","20","90","Ada kesalahan di 9 tempat","CONTINUE",,"2026-04-01 23:09:41.362","2026-04-01 23:41:12.45"
"cmngnty7m000t2rqhjyoi31el","2026-04-02 00:00:00","ZIYADAH","cmnfdswkf000g2spzl3d2h6fn","cmndr9ruq0001dh0szijmq8re","cmnf6imto00022rtxxyk7klzi","102","106","5","85","Cukup lancar","CONTINUE",,"2026-04-01 23:11:31.186","2026-04-01 23:11:31.186"
"cmngo7eod000v2rqhalzt5xgo","2026-04-02 00:00:00","ZIYADAH","cmnfe0ql200122spz0b6x4067","cmnf6lnw600062rtxuy1sqbri","cmnf6nb9k000a2rtx07deyahb","305","308","4","88","Maryam 23-24, 48, 49","CONTINUE",,"2026-04-01 23:21:59.053","2026-04-01 23:21:59.053"
"cmngonyfx000w2rqhvbc8tudg","2026-04-02 00:00:00","ZIYADAH","cmnfdvuav000q2spz042slavn","cmndr9ruq0001dh0szijmq8re","cmnf6imto00022rtxxyk7klzi","465","469","5","95","","CONTINUE",,"2026-04-01 23:34:51.165","2026-04-01 23:34:51.165"
"cmngoqtl6000x2rqh4o7xjqe4","2026-04-02 00:00:00","ZIYADAH","cmnfdz2bz000y2spz5skmlcyp","cmnf6lnw600062rtxuy1sqbri","cmnf6nb9k000a2rtx07deyahb","280","283","4","92","Al Isro' 11, 15,  ","CONTINUE",,"2026-04-01 23:37:04.843","2026-04-01 23:37:04.843"
"cmngp4rah000z2rqhrc68bkxj","2026-04-02 00:00:00","ZIYADAH","cmnfdtsm8000j2spzqjrqifoe","cmndr9ruq0001dh0szijmq8re","cmnf6imto00022rtxxyk7klzi","95","95","1","80","","CONTINUE",,"2026-04-01 23:47:55.049","2026-04-01 23:47:55.049"
"cmngp4s4x00102rqhodnhfh3q","2026-04-02 00:00:00","ZIYADAH","cmnfdzgpz000z2spzvbugn0zz","cmnf6lnw600062rtxuy1sqbri","cmnf6nb9k000a2rtx07deyahb","305","306","2","92","Maryam 16, 48","CONTINUE",,"2026-04-01 23:47:56.145","2026-04-01 23:47:56.145"
"cmnh7ygr700122rqhu2j6chhn","2026-04-02 00:00:00","ZIYADAH","cmnfdwj0i000s2spzxarxkain","cmnf6mdt700082rtx1dccy93g","cmnf6npd6000b2rtxl2cwo2nn","302","312","11","95","","CONTINUE",,"2026-04-02 08:34:54.163","2026-04-02 12:35:48.395"
"cmnh8fjau00132rqhko1k1g6y","2026-04-02 00:00:00","MURAJAAH_KUBRO","cmnfd8w9t00032spzc7cfzc87","cmnf86zub00112rtxrirmt2n3","cmnf89gxi00142rtx8aw6wu4n","482","501","20","95","Ada kesalahan di 3 tempat: 
1. Pada halaman 492 وسئل من أرسلنا من قبلك  yaitu kurang min. 
2. Pada halaman 498 kelebihan kata kana  إن يوم الفصل .  
3. Pada halaman 501 salah pengucapan ولله ملك","CONTINUE",,"2026-04-02 08:48:10.614","2026-04-02 10:47:25.709"
"cmnh8krh200142rqhgfmmf1xk","2026-04-02 00:00:00","MURAJAAH_KUBRO","cmnfcqv5e00002spz9kogbd8b","cmndr9ruq0001dh0szijmq8re","cmnf6imto00022rtxxyk7klzi","341","421","81","95","Mandiri","CONTINUE",,"2026-04-02 08:52:14.486","2026-04-02 08:52:14.486"
"cmnh8nin600162rqhot1nrsdq","2026-04-02 00:00:00","ZIYADAH","cmnfduhhb000m2spzo25ahi6o","cmndr9ruq0001dh0szijmq8re","cmnf6imto00022rtxxyk7klzi","310","313","4","95","","CONTINUE",,"2026-04-02 08:54:23.01","2026-04-02 08:54:23.01"
"cmnh8ocio00172rqhd5guzojh","2026-04-02 00:00:00","MURAJAAH_KUBRO","cmnfduhhb000m2spzo25ahi6o","cmndr9ruq0001dh0szijmq8re","cmnf6imto00022rtxxyk7klzi","242","281","40","90","","CONTINUE",,"2026-04-02 08:55:01.728","2026-04-02 08:55:01.728"
"cmnh8p6n100182rqhgg92tccv","2026-04-02 00:00:00","MURAJAAH_SHUGHRA","cmnfduhhb000m2spzo25ahi6o","cmndr9ruq0001dh0szijmq8re","cmnf6imto00022rtxxyk7klzi","282","313","32","80","","CONTINUE",,"2026-04-02 08:55:40.765","2026-04-02 08:55:40.765"
"cmnh8qibq00192rqhah87p8y1","2026-04-02 00:00:00","MURAJAAH_SHUGHRA","cmnfdu432000l2spzwbc1p079","cmndr9ruq0001dh0szijmq8re","cmnf6imto00022rtxxyk7klzi","202","301","100","95","","CONTINUE",,"2026-04-02 08:56:42.566","2026-04-02 08:56:42.566"
"cmnh8rfyi001a2rqhl4axv5ul","2026-04-02 00:00:00","MURAJAAH_KUBRO","cmnfdu432000l2spzwbc1p079","cmndr9ruq0001dh0szijmq8re","cmnf6imto00022rtxxyk7klzi",,"301",,"95","","CONTINUE",,"2026-04-02 08:57:26.154","2026-04-02 08:57:26.154"
"cmnh8rg2b001b2rqhy1eq2cdt","2026-04-02 00:00:00","MURAJAAH_KUBRO","cmnfdu432000l2spzwbc1p079","cmndr9ruq0001dh0szijmq8re","cmnf6imto00022rtxxyk7klzi",,"301",,"95","","CONTINUE",,"2026-04-02 08:57:26.291","2026-04-02 08:57:26.291"
"cmnh8shj7001c2rqh084vv5vz","2026-04-02 00:00:00","MURAJAAH_KUBRO","cmnfdtfgc000i2spznqzpp2qc","cmndr9ruq0001dh0szijmq8re","cmnf6imto00022rtxxyk7klzi","222","301","80","95","","CONTINUE",,"2026-04-02 08:58:14.851","2026-04-02 08:58:14.851"
"cmnh8v0wn001d2rqhibiuopmo","2026-04-02 00:00:00","MURAJAAH_KUBRO","cmnfdx0r5000t2spzx2g2usqz","cmndr9ruq0001dh0szijmq8re","cmnf6imto00022rtxxyk7klzi","82","101","20","80","Murojaah sendiri","CONTINUE",,"2026-04-02 09:00:13.271","2026-04-02 09:02:43.544"
"cmnh8x40w001g2rqhqsyz37s6","2026-04-02 00:00:00","MURAJAAH_KUBRO","cmnfds9me000f2spzu02487wt","cmndr9ruq0001dh0szijmq8re","cmnf6imto00022rtxxyk7klzi","42","61","20","80","","CONTINUE",,"2026-04-02 09:01:50.624","2026-04-02 09:01:50.624"
"cmnh908xv001h2rqhm3w2zfin","2026-04-02 00:00:00","MURAJAAH_KUBRO","cmnfdvhlr000p2spzx0mvb61y","cmndr9ruq0001dh0szijmq8re","cmnf6imto00022rtxxyk7klzi","22","81","60","80","","CONTINUE",,"2026-04-02 09:04:16.963","2026-04-02 09:04:32.998"
"cmnh91l9f001i2rqhm52ygh9v","2026-04-02 00:00:00","MURAJAAH_KUBRO","cmnfdxrh2000v2spz0ynrxd7y","cmndr9ruq0001dh0szijmq8re","cmnf6imto00022rtxxyk7klzi","202","261","60","95","","CONTINUE",,"2026-04-02 09:05:19.587","2026-04-02 09:05:35.928"
"cmnh93l7q001j2rqhjzijdr8n","2026-04-02 00:00:00","TAS_HIH","cmnfduhhb000m2spzo25ahi6o","cmndr9ruq0001dh0szijmq8re","cmnf6imto00022rtxxyk7klzi","614","617","4","80","kurang mengalir pada huruf fa di kata nafs","CONTINUE",,"2026-04-02 09:06:52.838","2026-04-02 09:06:52.838"
"cmnh97g7n001l2rqhp019hqqp","2026-04-02 00:00:00","MURAJAAH_KUBRO","cmnfdswkf000g2spzl3d2h6fn","cmndr9ruq0001dh0szijmq8re","cmnf6imto00022rtxxyk7klzi","22","41","20","80","","CONTINUE",,"2026-04-02 09:09:52.979","2026-04-02 09:09:52.979"
"cmnh9b0lk001m2rqh75dpvrs9","2026-04-02 00:00:00","TAS_HIH","cmnfdswkf000g2spzl3d2h6fn","cmndr9ruq0001dh0szijmq8re","cmnf6imto00022rtxxyk7klzi","107","108","2","80","","CONTINUE",,"2026-04-02 09:12:39.368","2026-04-02 09:12:39.368"
"cmnh9g04i001n2rqhqavlahuc","2026-04-02 00:00:00","MURAJAAH_KUBRO","cmnfdvuav000q2spz042slavn","cmndr9ruq0001dh0szijmq8re","cmnf6imto00022rtxxyk7klzi",,"181",,"80","","CONTINUE",,"2026-04-02 09:16:32.034","2026-04-02 09:16:32.034"
"cmnh9ibt6001o2rqhem0pztdz","2026-04-02 00:00:00","TAS_HIH","cmnfdtsm8000j2spzqjrqifoe","cmndr9ruq0001dh0szijmq8re","cmnf6imto00022rtxxyk7klzi","96","97","2","80","","CONTINUE",,"2026-04-02 09:18:20.49","2026-04-02 09:18:20.49"
"cmnh9jdw7001p2rqh7u0muvxd","2026-04-02 00:00:00","MURAJAAH_KUBRO","cmnfdtsm8000j2spzqjrqifoe","cmndr9ruq0001dh0szijmq8re","cmnf6imto00022rtxxyk7klzi","522","541","20","80","","CONTINUE",,"2026-04-02 09:19:09.847","2026-04-02 09:23:07.899"
"cmnh9kqxz001q2rqhe1wdurn6","2026-04-02 00:00:00","MURAJAAH_SHUGHRA","cmnfdtsm8000j2spzqjrqifoe","cmndr9ruq0001dh0szijmq8re","cmnf6imto00022rtxxyk7klzi","82","95","14","80","","CONTINUE",,"2026-04-02 09:20:13.416","2026-04-02 09:20:13.416"
"cmnh9s26p001r2rqhqhspm5h0","2026-04-02 00:00:00","MURAJAAH_KUBRO","cmnf8bczs00172rtxflo1o70l","cmnf86zub00112rtxrirmt2n3","cmnf89gxi00142rtx8aw6wu4n","222","241","20","90","Ada kesalahan di 7 tempat, pada halaman 227 kelebihan wawu pada يقوم لا أسئلكم , salah ucap lafdzul jalalah Allah pada إلا على الذي , pada halaman 228 lupa pada kata قريب مجيب , pada halaman 234 lupa pada kata أولياء ثم لاتنصرون , pada halaman 235 salah dhomir pada kata عما تعملون , pada halaman 240 lupa pada kata لايشكرون , pada halaman 241 lupa harakat pada و سبع سنبلات ","CONTINUE",,"2026-04-02 09:25:54.577","2026-04-02 13:41:08.091"
"cmnhc9bnm001s2rqh36f2txxm","2026-04-02 00:00:00","MURAJAAH_KUBRO","cmnfdatg500082spz2912fv2n","cmnf88b5900132rtxnuxu0cis","cmnf8a7qk00152rtxmge5mb0s","42","51","10","96","keliru 2 kali di akhir ayat namun bisa memperbaiki","CONTINUE",,"2026-04-02 10:35:19.234","2026-04-02 10:35:19.234"
"cmnhca8oe001t2rqh08hxoowp","2026-04-02 00:00:00","MURAJAAH_KUBRO","cmnfdb3qv00092spzpedmqsrx","cmnf88b5900132rtxnuxu0cis","cmnf8a7qk00152rtxmge5mb0s","42","61","20","95","sempat lupa lanjutan ayat 1 kali","CONTINUE",,"2026-04-02 10:36:02.03","2026-04-02 10:36:14.351"
"cmnhcc4ji001u2rqh8bv7c75n","2026-04-02 00:00:00","ZIYADAH","cmnfdatg500082spz2912fv2n","cmnf88b5900132rtxnuxu0cis","cmnf8a7qk00152rtxmge5mb0s","342","361","20","90","keliru 3 kali 1 kata, dan ada juga satu huruf dalan ayat yang berbeda.","CONTINUE",,"2026-04-02 10:37:29.982","2026-04-02 10:37:29.982"
"cmni2d83j00022ssk8fbtiziv","2026-04-03 00:00:00","ZIYADAH","cmnfe121w00132spzy02jx7cu","cmnf6lnw600062rtxuy1sqbri","cmnf6nb9k000a2rtx07deyahb","307","309","3","96","Setoran yang ke 2, Maryam 59","CONTINUE",,"2026-04-02 22:46:11.263","2026-04-02 23:43:54.299"
"cmni2q5bv00032sskjlbw6176","2026-04-03 00:00:00","ZIYADAH","cmnfdzgpz000z2spzvbugn0zz","cmnf6lnw600062rtxuy1sqbri","cmnf6nb9k000a2rtx07deyahb","307","310","4","96","Maryam 66","CONTINUE",,"2026-04-02 22:56:14.203","2026-04-02 22:56:14.203"
"cmni309fj00042sskb3h5ucyv","2026-04-03 00:00:00","ZIYADAH","cmnfduhhb000m2spzo25ahi6o","cmndr9ruq0001dh0szijmq8re","cmnf6imto00022rtxxyk7klzi","310","317","8","95","Thaaha, 3 kurang kata maa, 87 ","CONTINUE",,"2026-04-02 23:04:06.079","2026-04-02 23:11:29.705"
"cmni3etq000052sskdvqfwari","2026-04-03 00:00:00","ZIYADAH","cmnfdv508000o2spzdcuc7slj","cmnf6lnw600062rtxuy1sqbri","cmnf6nb9k000a2rtx07deyahb","355","356","2","96","An Nur 47","CONTINUE",,"2026-04-02 23:15:25.56","2026-04-02 23:15:25.56"
"cmni3mt6n00062ssk7cy6r5wh","2026-04-03 00:00:00","ZIYADAH","cmnfdrk29000e2spz9409ilmo","cmndr9ruq0001dh0szijmq8re","cmnf6imto00022rtxxyk7klzi","84","85","2","90","Ada kesalahan di ayat 83
بوجوهكم","CONTINUE",,"2026-04-02 23:21:38.111","2026-04-02 23:21:38.111"
"cmni3vucn00072ssk1iws7u8t","2026-04-03 00:00:00","ZIYADAH","cmnfe08mk00112spznm089paw","cmnf6lnw600062rtxuy1sqbri","cmnf6nb9k000a2rtx07deyahb","266","271","6","98","Bagus ","CONTINUE",,"2026-04-02 23:28:39.527","2026-04-02 23:28:39.527"
"cmni49zpu00082sskjubijdxo","2026-04-03 00:00:00","ZIYADAH","cmnfdz2bz000y2spz5skmlcyp","cmnf6lnw600062rtxuy1sqbri","cmnf6nb9k000a2rtx07deyahb","282","285","4","92","Al Isro 30, 38","CONTINUE",,"2026-04-02 23:39:39.666","2026-04-02 23:39:39.666"
"cmni4ja0e00092sskojdifdzn","2026-04-03 00:00:00","ZIYADAH","cmnfdvuav000q2spz042slavn","cmndr9ruq0001dh0szijmq8re","cmnf6imto00022rtxxyk7klzi","467","471","5","90","","CONTINUE",,"2026-04-02 23:46:52.91","2026-04-02 23:46:52.91"
"cmni4zwvf000a2sskor54blwc","2026-04-03 00:00:00","ZIYADAH","cmnfdtsm8000j2spzqjrqifoe","cmndr9ruq0001dh0szijmq8re","cmnf6imto00022rtxxyk7klzi","95","96","2","60","An Nisa 102, macet
","REPEAT",,"2026-04-02 23:59:49.035","2026-04-02 23:59:49.035"
"cmni861up000c2sskwphm4ap1","2026-04-03 00:00:00","ZIYADAH","cmnfdntzf000a2spzug6v3ly4","cmnf6mdt700082rtx1dccy93g","cmnf6npd6000b2rtxl2cwo2nn","128","131","4","95","","CONTINUE",,"2026-04-03 01:28:34.273","2026-04-03 01:28:34.273"
"cmni86nl2000d2sskst9lvvph","2026-04-03 00:00:00","ZIYADAH","cmnfdu155000k2spzxh7znoyv","cmnf6mdt700082rtx1dccy93g","cmnf6npd6000b2rtxl2cwo2nn","62","62","1","95","","CONTINUE",,"2026-04-03 01:29:02.438","2026-04-03 01:29:02.438"
"cmni8glg8000f2sskc9uz5xiw","2026-04-03 00:00:00","MURAJAAH_KUBRO","cmnfdzgpz000z2spzvbugn0zz","cmnf6lnw600062rtxuy1sqbri","cmnf6nb9k000a2rtx07deyahb","142","161","20","80","Al An'am 136, 138, 141, Al Araf 34, 43, ","CONTINUE",,"2026-04-03 01:36:46.232","2026-04-03 02:07:19.144"
"cmni99joj000g2ssk3zrsg6i3","2026-04-03 00:00:00","ZIYADAH","cmnfdwj0i000s2spzxarxkain","cmnf6mdt700082rtx1dccy93g","cmnf6npd6000b2rtxl2cwo2nn","306","315","10","95","","CONTINUE",,"2026-04-03 01:59:16.963","2026-04-03 01:59:16.963"
"cmni9o11b000h2sskwmmr1kw8","2026-04-03 00:00:00","MURAJAAH_KUBRO","cmnfe0ql200122spz0b6x4067","cmnf6lnw600062rtxuy1sqbri","cmnf6nb9k000a2rtx07deyahb","121","141","21","80","Al An'am ","CONTINUE",,"2026-04-03 02:10:32.639","2026-04-03 02:13:32.663"
"cmni9sy2k000i2sskkd4az2pv","2026-04-03 00:00:00","ZIYADAH","cmnfe0ql200122spz0b6x4067","cmnf6lnw600062rtxuy1sqbri","cmnf6nb9k000a2rtx07deyahb","307","309","3","98","Bagus","CONTINUE",,"2026-04-03 02:14:22.076","2026-04-03 02:14:22.076"
"cmnjh1xbq00002ss1fongi8s7","2026-04-04 00:00:00","MURAJAAH_KUBRO","cmnfd7pmx00012spzc9vrqbmv","cmnf86zub00112rtxrirmt2n3","cmnf89gxi00142rtx8aw6wu4n","142","161","20","90","Ada kesalahan pada 7 tempat: 
1. Pada halaman 145 ذلك أن لم يكن ربك, 
2. Pada halaman 152 kelebihan huruf fa’ قال أنظرني, 
3. Pada halaman 154 lupa فمن أظلم ممن, 
4. Pada halaman 156 lupa أهؤلاء, 
5. Pada halaman 157 kurang 2 harakat فيشفعوالنا, 
6. Pada halaman 159 lupa ما نزل الله بها من سلطان فانتظروا, 
7. Pada halaman 161 kelebihan kata قدرنا pada إلا امرأته كانت من الغابرين.","CONTINUE",,"2026-04-03 22:25:04.502","2026-04-04 00:18:37.83"
"cmnji3rid00042ss1ne7f06e7","2026-04-04 00:00:00","ZIYADAH","cmnfdzgpz000z2spzvbugn0zz","cmnf6lnw600062rtxuy1sqbri","cmnf6nb9k000a2rtx07deyahb","309","311","3","92","Maryam 83-84, 98","CONTINUE",,"2026-04-03 22:54:29.893","2026-04-03 23:27:47.738"
"cmnjiniur00062ss1u5f6922b","2026-04-04 00:00:00","ZIYADAH","cmnfe121w00132spzy02jx7cu","cmnf6lnw600062rtxuy1sqbri","cmnf6nb9k000a2rtx07deyahb","309","312","4","88","Maryam 75, 88, 96","CONTINUE",,"2026-04-03 23:09:51.795","2026-04-03 23:09:51.795"
"cmnjipldp00072ss14kt70q82","2026-04-04 00:00:00","ZIYADAH","cmnfdzufq00102spz6j04kr5z","cmnf6lnw600062rtxuy1sqbri","cmnf6nb9k000a2rtx07deyahb","260","262","3","88","Al Hijr 21-22, 22,29","CONTINUE",,"2026-04-03 23:11:28.381","2026-04-03 23:20:47.678"
"cmnjiwsak00082ss120zltzab","2026-04-04 00:00:00","ZIYADAH","cmnfdrk29000e2spz9409ilmo","cmndr9ruq0001dh0szijmq8re","cmnf6imto00022rtxxyk7klzi","84","89","6","80","cukup","CONTINUE",,"2026-04-03 23:17:03.932","2026-04-03 23:17:03.932"
"cmnjiyc5100092ss1g87dptct","2026-04-03 00:00:00","MURAJAAH_KUBRO","cmnfdtsm8000j2spzqjrqifoe","cmndr9ruq0001dh0szijmq8re","cmnf6imto00022rtxxyk7klzi","502","521","20","90","","CONTINUE",,"2026-04-03 23:18:16.309","2026-04-03 23:18:16.309"
"cmnjiyw5r000a2ss10lxc22py","2026-04-04 00:00:00","MURAJAAH_KUBRO","cmnfdswkf000g2spzl3d2h6fn","cmndr9ruq0001dh0szijmq8re","cmnf6imto00022rtxxyk7klzi","42","61","20","80","","CONTINUE",,"2026-04-03 23:18:42.255","2026-04-03 23:18:42.255"
"cmnjj9q7h000c2ss10z9nle9t","2026-04-04 00:00:00","ZIYADAH","cmnfe0ql200122spz0b6x4067","cmnf6lnw600062rtxuy1sqbri","cmnf6nb9k000a2rtx07deyahb","308","312","5","92","Maryam 84, 96","CONTINUE",,"2026-04-03 23:27:07.757","2026-04-03 23:41:44.23"
"cmnjjug3c000f2ss1qj7q3onr","2026-04-04 00:00:00","ZIYADAH","cmnfdz2bz000y2spz5skmlcyp","cmnf6lnw600062rtxuy1sqbri","cmnf6nb9k000a2rtx07deyahb","284","287","4","82","Al Isro 30, 39","CONTINUE",,"2026-04-03 23:43:14.424","2026-04-03 23:53:43.088"